{
    "Artichoke": 0.46875,
    "Arugula": 0.5,
    "Asparagus": 0.16667,
    "Aubergine": 0.25109,
    "Beetroot": 0.42683,
    "Bell Pepper": 0.20548,
    "Black Olives": 0.28571,
    "Broccoli": 0.34046,
    "Brussels Sprouts": 0.42105,
    "Cabbage": 0.25,
    "Capsicum": 0.26667,
    "Carrot": 0.40984,
    "Cauliflower": 0.23077,
    "Celery": 0.15,
    "Chard": 0.1875,
    "Cherry Tomato": 1.0,
    "Chicory": 0.71698,
    "Chinese Cabbage": 0.15952,
    "Chives": 0.33333,
    "Collard Greens": 0.28889,
    "Corn": 3.64935,
    "Courgette": 0.16837,
    "Creamed Spinach": 0.74,
    "Cucumber": 0.16098,
    "Eggplant": 0.25109,
    "Endive": 0.16959,
    "Fennel": 0.31197,
    "Garlic": 1.33333,
    "Gherkin": 9.0,
    "Gourd": 108.0,
    "Green Beans": 0.30909,
    "Green Olives": 0.28571,
    "Green Onion": 5.0,
    "Horseradish": 0.46667,
    "Kale": 0.49254,
    "Kohlrabi": 0.27,
    "Kumara": 0.86154,
    "Leek": 0.60674,
    "Lettuce": 0.15,
    "Mushrooms": 0.25,
    "Mustard Greens": 0.26786,
    "Nori": 0.16667,
    "Okra": 0.33333,
    "Olives": 0.28571,
    "Onion": 0.4,
    "Parsnips": 0.75294,
    "Peas": 0.80612,
    "Pepper": 0.26667,
    "Potato": 0.76995,
    "Pumpkin": 0.2602,
    "Radishes": 0.2,
    "Red Cabbage": 0.31818,
    "Rutabaga": 0.38083,
    "Shallots": 0.72,
    "Spinach": 0.22941,
    "Squash": 0.44898,
    "Sweet Potato": 0.86154,
    "Tomato": 0.18018,
    "Turnip Greens": 0.2,
    "Turnips": 0.27869,
    "Wasabi": 1.08876,
    "Winter Squash": 0.34107,
    "Zucchini": 0.16837,
    "Acai": 0.57143,
    "Apple": 0.52198,
    "Applesauce": 0.67886,
    "Apricot": 0.48571,
    "Avocado": 1.6,
    "Banana": 0.888,
    "Blackberries": 0.43056,
    "Blood Oranges": 0.5,
    "Blueberries": 0.56757,
    "Cantaloupe": 0.33333,
    "Cherries": 0.5,
    "Clementine": 0.47297,
    "Cranberries": 0.46,
    "Currants": 0.5625,
    "Custard Apple": 1.00741,
    "Dates": 20.0,
    "Figs": 0.74,
    "Fruit salad": 0.50201,
    "Grapes": 0.68874,
    "Greengage": 0.4,
    "Guava": 37.0,
    "Jackfruit": 0.94702,
    "Jujube": 0.62857,
    "Kiwi": 0.61202,
    "Lemon": 0.2931,
    "Lime": 0.29851,
    "Lychees": 0.7,
    "Mandarin Oranges": 0.53333,
    "Mango": 0.60119,
    "Minneola": 0.6422,
    "Mulberries": 0.42857,
    "Nectarine": 0.44,
    "Orange": 0.47328,
    "Papaya": 0.43,
    "Passion Fruit": 0.94444,
    "Peach": 0.39333,
    "Pear": 0.56742,
    "Persimmon": 1.28,
    "Physalis": 0.4,
    "Pineapple": 0.50055,
    "Plantains": 1.21788,
    "Plum": 0.45455,
    "Pomegranate": 0.82979,
    "Quince": 0.56522,
    "Raisins": 2.9931,
    "Rambutan": 0.77778,
    "Raspberries": 0.52033,
    "Rhubarb": 0.21569,
    "Starfruit": 0.30769,
    "Strawberries": 0.32237,
    "Tamarind": 2.5,
    "Tangerine": 0.53409,
    "Watermelon": 0.3007,
    "Baby Back Ribs": 2.58993,
    "Bacon and Eggs": 2.51869,
    "Baked Beans": 0.93846,
    "BBQ Ribs": 2.55319,
    "Beef Stew": 0.94898,
    "Biryani": 1.76,
    "Black Pudding": 2.525,
    "Black Rice": 3.23,
    "BLT": 2.47083,
    "Brown Rice": 3.88205,
    "Burrito": 1.63,
    "Butter Chicken": 1.4,
    "California Roll": 0.94286,
    "Chicken Caesar Salad": 1.26861,
    "Chicken Fried Steak": 1.51071,
    "Chicken Marsala": 0.96002,
    "Chicken Parmesan": 1.10132,
    "Chicken Pot Pie": 2.22848,
    "Chicken Tikka Masala": 0.80913,
    "Chili con Carne": 1.05138,
    "Chimichanga": 2.32222,
    "Cobb Salad": 1.1791,
    "Corn Dog": 2.50286,
    "Corned Beef Hash": 1.6385,
    "Cottage Pie": 1.39096,
    "Dal": 3.30435,
    "Deviled Eggs": 2.0,
    "Dim Sum": 1.94737,
    "Dosa": 0.65977,
    "Enchiladas": 1.68229,
    "Fajita": 1.16935,
    "Fish and Chips": 1.95,
    "Fried Rice": 1.85955,
    "Fried Shrimp": 2.77778,
    "Grilled Cheese Sandwich": 2.88235,
    "Ham and Cheese Sandwich": 2.41096,
    "Hummus": 1.76829,
    "Jambalaya": 1.0,
    "Kebab": 2.15,
    "Lasagne": 1.32093,
    "Mac and Cheese": 3.69841,
    "Macaroni and Cheese": 3.69841,
    "Mashed Potatoes": 0.82857,
    "Meat Pie": 2.41667,
    "Meatloaf": 2.53873,
    "Naan": 3.09524,
    "Orange Chicken": 2.59259,
    "Pad Thai": 1.5,
    "Paella": 1.5625,
    "Paratha": 3.25,
    "Pea Soup": 0.75099,
    "Peanut Butter Sandwich": 4.08163,
    "Peking Duck": 2.25281,
    "Philly Cheese Steak": 2.5,
    "Pizza": 2.66667,
    "Pork Chop": 2.25191,
    "Potato Salad": 1.43158,
    "Pulled Pork Sandwich": 2.11111,
    "Ramen": 4.36471,
    "Ravioli": 0.76786,
    "Reuben Sandwich": 2.08117,
    "Roast Beef": 1.09524,
    "Roast Dinner": 1.98347,
    "Samosa": 2.14,
    "Sausage Roll": 3.50485,
    "Sausage Rolls": 2.97059,
    "Shepherds Pie": 0.70044,
    "Shrimp Cocktail": 4.64286,
    "Sloppy Joe": 0.71127,
    "Sloppy Joes": 1.53876,
    "Spaghetti Bolognese": 1.32155,
    "Spring Roll": 2.5,
    "Spring Rolls": 2.5,
    "Taco": 2.17347,
    "Tandoori Chicken": 1.13143,
    "Yorkshire Pudding": 5.53333,
    "Amaranth": 3.70984,
    "Barley": 3.5414,
    "Barley Groats": 1.0,
    "Buckwheat": 3.42941,
    "Buckwheat Groats": 3.45732,
    "Corn Waffles": 2.75,
    "Cornmeal": 3.62295,
    "Cornstarch": 3.8125,
    "Couscous": 3.75723,
    "Cracker": 5.0,
    "Durum Wheat Semolina": 3.96429,
    "Flaxseed": 5.33929,
    "Freekeh": 5.2,
    "Gluten": 3.71429,
    "Grissini": 20.0,
    "Kamut": 3.37097,
    "Millet": 3.78125,
    "Millet Flour": 3.72143,
    "Millet Gruel": 0.45977,
    "Oat Bran": 2.45745,
    "Pearl Barley": 3.52229,
    "Polenta": 3.66,
    "Prawn Crackers": 5.33333,
    "Pretzel Sticks": 3.83333,
    "Quinoa": 3.68235,
    "Rusk": 4.1,
    "Rye Bran": 2.81333,
    "Sago": 3.53571,
    "Savoury Biscuits": 3.475,
    "Shortbread": 5.0,
    "Spelt": 3.37931,
    "Spelt Bran": 1.76875,
    "Spelt Semolina": 3.5988,
    "Sunflower Seeds": 5.84286,
    "Tortilla": 2.37056,
    "Tortilla Chips": 5.0,
    "Wheat Bran": 2.15517,
    "Wheat Germ": 3.82301,
    "Wheat Gluten": 3.33333,
    "Wheat Semolina": 3.5988,
    "Wheat Starch": 3.50909,
    "Whole Grain Wheat": 3.39167,
    "Wholegrain Oat": 3.75,
    "Alphabet Soup": 0.25,
    "Bean Stew": 1.32937,
    "Beef Bouillon": 0.02917,
    "Beef Noodle Soup": 0.34016,
    "Beef Soup": 0.32864,
    "Bouillon": 0.15984,
    "Broccoli Cheese Soup": 0.87129,
    "Broccoli Soup": 0.8692,
    "Cabbage Soup": 0.28163,
    "Carrot Ginger Soup": 0.24934,
    "Carrot Soup": 0.24934,
    "Chicken Bouillon": 0.04149,
    "Chicken Broth": 0.15984,
    "Chicken Gumbo Soup": 0.22951,
    "Chicken Noodle Soup": 0.25,
    "Chicken Stock": 0.15984,
    "Chicken Vegetable Soup": 0.31048,
    "Chicken with Rice Soup": 0.23868,
    "Cream of Asparagus Soup": 0.34836,
    "Cream of Broccoli Soup": 0.45161,
    "Cream of Celery Soup": 0.37097,
    "Cream of Chicken Soup": 0.47951,
    "Cream of Mushroom Soup": 0.39113,
    "Cream of Onion Soup": 0.43852,
    "Cream of Potato Soup": 0.29918,
    "Creamy Chicken Noodle Soup": 0.22857,
    "French Onion Soup": 0.23045,
    "Golden Mushroom Soup": 0.64919,
    "Goulash": 10.09091,
    "Instant Ramen": 4.36471,
    "Lentil Soup": 0.56048,
    "Lobster Bisque Soup": 1.0,
    "Meatball Soup": 0.4898,
    "Minestrone": 0.34025,
    "Mushroom Soup": 0.34836,
    "Noodle Soup": 0.34016,
    "Onion Soup": 0.23045,
    "Oxtail Soup": 0.27869,
    "Potato Soup": 0.8,
    "Pumpkin Soup": 0.2898,
    "Scotch Broth": 0.33195,
    "Succotash": 1.15104,
    "Thai Soup": 0.6,
    "Tomato Rice Soup": 0.46964,
    "Tomato Soup": 0.29839,
    "Vegetable Beef Soup": 0.31148,
    "Vegetable Broth": 0.05106,
    "Vegetable Soup": 0.27801,
    "Vegetable Stock": 0.05106,
    "Wedding Soup": 0.53061,
    "Baskin-Robbins": 2.39437,
    "Ben and Jerry's": 2.28261,
    "Butter Pecan Ice Cream": 2.47788,
    "Carvel": 2.11792,
    "Chocolate Chip Ice Cream": 2.15278,
    "Chocolate Ice Cream": 2.16667,
    "Ciao Bella": 1.09091,
    "Coffee Ice Cream": 2.36111,
    "Cold Stone Creamery": 2.3169,
    "Cookie Dough Ice Cream": 2.0,